{"cameraMode":{"drawMode":0,"name":"Shaded","section":"Shading Mode"},"sceneLighting":false,"audioPlay":false,"sceneViewState":{"m_AlwaysRefresh":false,"showFog":false,"showSkybox":false,"showFlares":false,"showImageEffects":false,"showParticleSystems":false,"showVisualEffectGraphs":true,"m_FxEnabled":true},"in2DMode":false,"pivot":{"x":-0.32234007120132449,"y":0.17386257648468018,"z":-0.24276232719421388},"rotation":{"x":0.21552787721157075,"y":0.1660202294588089,"z":-0.03721576929092407,"w":0.9615609049797058},"size":1.010278344154358,"orthographic":false}