{"cameraMode":{"drawMode":0,"name":"Shaded","section":"Shading Mode"},"sceneLighting":false,"audioPlay":false,"sceneViewState":{"m_AlwaysRefresh":false,"showFog":false,"showSkybox":false,"showFlares":false,"showImageEffects":false,"showParticleSystems":false,"showVisualEffectGraphs":true,"m_FxEnabled":true},"in2DMode":false,"pivot":{"x":0.03909703716635704,"y":0.06500976532697678,"z":2.075092315673828},"rotation":{"x":0.02158142626285553,"y":-0.7021197080612183,"z":0.021278532221913339,"w":0.7114166021347046},"size":0.30864426493644717,"orthographic":false}