{"cameraMode":{"drawMode":0,"name":"Shaded","section":"Shading Mode"},"sceneLighting":false,"audioPlay":false,"sceneViewState":{"m_AlwaysRefresh":false,"showFog":false,"showSkybox":false,"showFlares":false,"showImageEffects":false,"showParticleSystems":false,"showVisualEffectGraphs":true,"m_FxEnabled":true},"in2DMode":false,"pivot":{"x":312.13385009765627,"y":1111.40380859375,"z":-1596.2755126953125},"rotation":{"x":0.05278908833861351,"y":-0.003390081925317645,"z":0.00017022113024722785,"w":0.9985589385032654},"size":2.176624059677124,"orthographic":false}