{"cameraMode":{"drawMode":0,"name":"Shaded","section":"Shading Mode"},"sceneLighting":true,"audioPlay":false,"sceneViewState":{"m_AlwaysRefresh":false,"showFog":true,"showSkybox":true,"showFlares":true,"showImageEffects":true,"showParticleSystems":true,"showVisualEffectGraphs":true,"m_FxEnabled":true},"in2DMode":false,"pivot":{"x":399.9066162109375,"y":914.3580322265625,"z":-708.7319946289063},"rotation":{"x":-0.08597253262996674,"y":-0.016443543136119844,"z":-0.001419293461367488,"w":0.9961623549461365},"size":652.9578247070313,"orthographic":false}