{"cameraMode":{"drawMode":0,"name":"Shaded","section":"Shading Mode"},"sceneLighting":true,"audioPlay":false,"sceneViewState":{"m_AlwaysRefresh":false,"showFog":true,"showSkybox":true,"showFlares":true,"showImageEffects":true,"showParticleSystems":true,"showVisualEffectGraphs":true,"m_FxEnabled":true},"in2DMode":false,"pivot":{"x":379.6695251464844,"y":717.3953857421875,"z":-765.2352294921875},"rotation":{"x":-0.015589786693453789,"y":0.002994236070662737,"z":0.00004647386958822608,"w":0.9998767375946045},"size":652.9578247070313,"orthographic":false}